Lot,Description,Brand,Type (All Lots),Year,Color,Leather,Hardware,Estimate (USD),Price Realized (USD)
1,LIME EVERCOLOR LEATHER MINI ROULIS WITH PALLADIUM HARDWARE,HERMÈS,Mini Roulis,2022,Green,Evercolor,Palladium,"5,100−7,700",6100
2,LIMITED EDITION LIME & PEARL GRAY EPSOM LEATHER RETOURNÉ CANDY KELLY 32,HERMÈS,"Kelly 32, Limited Edition",2011,Yellow,Epsom,Palladium,"7,700−12,800",9700
3,LIMITED EDITION LIME & PEARL GRAY EPSOM LEATHER CANDY BIRKIN 35,HERMÈS,"Birkin 35, Limited Edition",2011,Yellow,Epsom,Palladium,"7,700−12,800",12100
4,SHINY MIMOSA NILOTICUS LIZARD SMALL CONSTANCE WALLET,HERMÈS,Constance Wallet,2011,Yellow,Lizard,Palladium,"2,600−3,800",2300
5,NAPLES YELLOW EPSOM LEATHER CONSTANCE TO GO,HERMÈS,Constance To Go,2023,Yellow,Epsom,Gold,"5,100−7,700",5600
6,HAY GOATSKIN LEATHER KELLY TO GO,HERMÈS,Kelly To Go,2020,Brown,Goat,Gold,"6,400−10,200",6100
7,BUD YELLOW GOATSKIN LEATHER MINI BOLIDE 1923,HERMÈS,Mini Bolide 1923,2021,Yellow,Goat,Gold,"5,100−7,700",6100
8,LIMITED EDITION IVORY SWIFT LEATHER CIRCUIT 24 FAUBOURG MINI ROULIS,HERMÈS,"Mini Roulis, Limited Edition",2021,White,Swift,Palladium,"5,100−7,700",4500
9,SUN CLEMENCE LEATHER MINI ÉVELYNE 16 AMAZONE,HERMÈS,Mini Évelyne 16,2024,Yellow,Clemence,Palladium,"1,300−2,300",2400
10,SUN SWIFT LEATHER KELLY MOOVE,HERMÈS,Kelly Moove,2024,Yellow,Swift,Palladium,"6,400−10,200",9700
12,BLUE JEAN TOGO LEATHER BIRKIN 30,HERMÈS,Birkin 30,2005,Blue,Togo,Palladium,"7,700−12,800",12100
13,SHINY BLUE JEAN POROSUS CROCODILE SELLIER KELLY 25,HERMÈS,Kelly 25,2002,Blue,Crocodile,Gold,"25,600−35,900",32300
14,"LIMITED EDITION INK BLUE, BLUE ZELLIGE, CYPRESS GREEN & MIDNIGHT BLUE CONSTANCE",HERMÈS,"Constance, Limited Edition",2020,Blue,Alligator & Lizard,Enamel,"23,100−33,300",25800
15,"LIMITED EDITION INK BLUE, BLUE ZELLIGE, CYPRESS GREEN & MIDNIGHT BLUE BOLIDE",HERMÈS,"Bolide, Limited Edition",2018,Blue,Alligator & Lizard,Palladium,"7,700−12,800",11300
16,MIDNIGHT BLUE EVERCOLOR LEATHER MINI BOLIDE 1923,HERMÈS,Mini Bolide 1923,2023,Blue,Evercolor,Gold,"5,100−7,700",7700
17,"LIMITED EDITION CABAN, MIDNIGHT BLUE SWIFT LEATHER & FELT BIRKIN 25",HERMÈS,"Birkin 25, Limited Edition",2024,Black,Swift & Lambskin,Palladium,"20,500−30,800",35500
18,MIDNIGHT BLUE TOGO LEATHER RETOURNÉ KELLY 28,HERMÈS,Kelly 28,2019,Blue,Togo,Gold,"7,700−12,800",21000
19,MIDNIGHT BLUE TOGO LEATHER BIRKIN 35,HERMÈS,Birkin 35,2015,Blue,Togo,Gold,"7,700−12,800",12100
20,BLUE SAPPHIRE EPSOM LEATHER MINI CONSTANCE,HERMÈS,Mini Constance,2017,Blue,Epsom,Gold,"7,700−12,800",11300
21,BLUE SAPPHIRE SWIFT LEATHER BOLIDE 27,HERMÈS,Bolide 27,2016,Blue,Swift,Palladium,"3,800−5,100",3500
22,BLUE IRIS OSTRICH CONSTANCE 24,HERMÈS,Constance 24,2018,Blue,Ostrich,Gold,"7,700−12,800",12900
23,BLUE IRIS OSTRICH BIRKIN 30,HERMÈS,Birkin 30,2015,Blue,Ostrich,Palladium,"12,800−20,500",17700
24,LIMITED EDITION PRUSSIAN BLUE SWIFT LEATHER & TOILE H GHILLIES BIRKIN 40,HERMÈS,"Birkin 40, Limited Edition",2013,Blue,Swift & Toile,Palladium,"7,700−12,800",11300
25,LIMITED EDITION ELECTRIC BLUE TOGO LEATHER RETOURNÉ AU GALOP KELLY 32,HERMÈS,"Kelly 32, Limited Edition",2017,Blue,Togo,Palladium,"9,000−14,100",16100
26,BLUE THALASSA CLEMENCE LEATHER RELAX BOLIDE 45,HERMÈS,Bolide 45,2004,Blue,Clemence,Palladium,"2,600−3,600",4800
27,"LIMITED EDITION SEA, SURF & FUN CANVAS & INDIGO BLUE NEGONDA LEATHER GP",HERMÈS,"Garden Party, Limited Edition",2018,Blue,Negonda & Canvas,Palladium,"3,100−4,400",4500
28,LIMITED EDITION PEARL GRAY & ELECTRIC BLUE TOGO LEATHER ENDLESS ROAD,HERMÈS,"Endless Road, Limited Edition",2019,Blue,Togo,Palladium,"3,800−5,100",3900
30,LIMITED EDITION GALICIA BLUE EVERCOLOR LEATHER & SKY CALF GRIZZLY BIRKIN,HERMÈS,"Birkin, Limited Edition",2014,Blue,Evercolor & Grizzly,Permabrass,"7,700−12,800",13700
31,LIMITED EDITION GALICIA BLUE GRAINE D'H & SWIFT LEATHER GHILLIES KELLY,HERMÈS,"Kelly, Limited Edition",2014,Blue,Swift & Graine d'H,Palladium,"9,000−14,100",8900
32,BLUE IZMIR TOGO LEATHER RETOURNÉ KELLY 32,HERMÈS,Kelly 32,2014,Blue,Togo,Gold,"5,100−7,700",8900
33,"RARE, MATTE NAVY BLUE ALLIGATOR, DEEP BLUE MADAME, ORANGE H BIRKIN 20",HERMÈS,"Birkin 20, Rare",2019,Blue,Alligator & Epsom,Palladium,"102,600−205,100",177600
34,BLUE HYDRA CLEMENCE RETOURNÉ KELLY 32,HERMÈS,Kelly 32,2012,Blue,Clemence,Gold,"6,400−10,200",11300
35,"LIMITED EDITION ROYAL BLUE EVERCOLOR LEATHER, COPPER & TEA MINI 24/24",HERMÈS,"Mini 24/24, Limited Edition",2022,Blue,Evercolor & Swift,Gold,"5,100−7,700",8900
36,SHINY PETROL BLUE NILOTICUS LIZARD MINI CONSTANCE,HERMÈS,Mini Constance,2022,Blue,Lizard,Palladium,"15,400−23,100",21000
37,BLUE ZANZIBAR EVERCOLOR LEATHER CONSTANCE 24,HERMÈS,Constance 24,2017,Blue,Evercolor,Gold,"6,400−10,200",7700
38,CELESTE EPSOM LEATHER MINI CONSTANCE MIRROR,HERMÈS,Mini Constance,2023,Blue,Epsom,Gold,"7,700−12,800",11300
39,BLUE ATOLL EPSOM LEATHER SELLIER KELLY 25,HERMÈS,Kelly 25,2017,Blue,Epsom,Gold,"9,000−14,100",24200
40,PALE BLUE CLEMENCE LEATHER PICOTIN LOCK 18,HERMÈS,Picotin 18,2023,Blue,Clemence,Palladium,"3,300−4,600",5200
41,PALE MAUVE EVERCOLOR LEATHER MINI BOLIDE 1923,HERMÈS,Mini Bolide 1923,2023,Purple,Evercolor,Palladium,"5,100−7,700",8100
42,LIMITED EDITION PALE MAUVE & IVORY EVERCOLOR VERSO MINI JYPSIÈRE,HERMÈS,"Mini Jypsiere, Limited Edition",2023,Pink,Evercolor (Verso),Palladium,"5,100−7,700",8900
43,SYLVESTER MAUVE EPSOM LEATHER MINI CONSTANCE,HERMÈS,Mini Constance,2021,Purple,Epsom,Rose Gold,"7,700−12,800",19400
44,CONFETTI PINK EPSOM LEATHER KELLY WALLET,HERMÈS,Kelly Wallet,2015,Pink,Epsom,Palladium,"4,500−5,800",3900
45,"SET OF THREE: CONFETTI PINK GOATSKIN CLIC 16, AZALEA PINK POUCH & HIBISCUS",HERMÈS,"Accessory Set, Clic 16 + Pouch",2020,Pink,"Goat, Epsom, Canvas",Palladium,"2,300−3,300",4200
46,CONFETTI PINK EPSOM LEATHER SELLIER KELLY 28,HERMÈS,Kelly 28,2020,Pink,Epsom,Palladium,"7,700−12,800",17700
47,"CUSTOM ANEMONE, CONFETTI PINK & PEARL GRAY GOATSKIN LEATHER BIRKIN 25",HERMÈS,"Birkin 25, Custom",2015,Pink,Goat,Palladium,"12,800−20,500",17700
48,AZALEA PINK GOATSKIN LEATHER MINI VERROU STRAP 17,HERMÈS,Mini Verrou 17,2020,Pink,Goat,Palladium,"5,100−7,700",5200
49,AZALEA PINK SWIFT LEATHER BOLIDE 27,HERMÈS,Bolide 27,2016,Pink,Swift,Palladium,"3,800−5,100",2900
50,AZALEA PINK SWIFT LEATHER RETOURNÉ KELLY 25,HERMÈS,Kelly 25,2018,Pink,Swift,Palladium,"7,700−12,800",10500
51,CUSTOM SAKURA PINK & IVORY SWIFT LEATHER KELLY POCHETTE,HERMÈS,"Kelly Pochette, Custom",2024,Pink,Swift,Palladium,"10,200−15,400",25800
52,SET OF TWO: SAKURA PINK CLEMENCE ÉVELYNE 29 & SAKURA PINK GARDEN PARTY,HERMÈS,"Set, Évelyne 29 + Garden Party",2015,Pink,Clemence,Palladium,"3,800−5,100",4500
53,LIPSTICK PINK EPSOM LEATHER KELLY POCHETTE,HERMÈS,Kelly Pochette,2017,Pink,Epsom,Gold,"7,700−12,800",17700
54,TYRIAN PINK EPSOM LEATHER SELLIER KELLY 25,HERMÈS,Kelly 25,2013,Pink,Epsom,Gold,"10,200−15,400",16100
55,TYRIAN PINK EPSOM LEATHER BIRKIN 30,HERMÈS,Birkin 30,2014,Pink,Epsom,Gold,"5,100−7,700",11300
56,JAIPUR PINK TOGO LEATHER BIRKIN 30,HERMÈS,Birkin 30,2010,Pink,Togo,Gold,"6,400−10,200",9700
57,SHINY PURPLE PINK ALLIGATOR KELLY TO GO,HERMÈS,Kelly To Go,2022,Pink,Alligator,Gold,"9,000−14,100",16100
58,PURPLE PINK GOATSKIN LEATHER MINI KELLY 20 II,HERMÈS,Mini Kelly 20 II,2019,Pink,Goat,Palladium,"10,200−15,400",19400
59,PURPLE PINK TOGO LEATHER RETOURNÉ KELLY 28,HERMÈS,Kelly 28,2017,Pink,Togo,Palladium,"6,400−10,200",12100
60,CUSTOM PURPLE PINK & MALACHITE EPSOM LEATHER SELLIER KELLY 28,HERMÈS,"Kelly 28, Custom",2018,Pink,Epsom,Brushed Gold,"10,200−15,400",13700
61,SHINY PURPLE PINK NILOTICUS CROCODILE BIRKIN 25,HERMÈS,Birkin 25,2017,Pink,Crocodile,Palladium,"33,300−43,500",45200
62,SHINY PURPLE PINK ALLIGATOR MINI CONSTANCE,HERMÈS,Mini Constance,2019,Pink,Alligator,Gold,"12,800−20,500",17700
63,SET OF TWO: PURPLE PINK OSTRICH BIRKIN 30 & WALLET,HERMÈS,"Set, Birkin 30 + Wallet",2017,Pink,Ostrich,Palladium,"12,800−20,500",22600
64,LIMITED EDITION RASPBERRY SWIFT LEATHER & OSIER PICNIC BIRKIN 25,HERMÈS,"Birkin 25, Limited Edition",2023,Pink,Swift & Osier,Palladium,"44,800−57,600",0
65,LIMITED EDITION NATURAL BARENIA LEATHER & OSIER MINI PICNIC KELLY,HERMÈS,"Mini Kelly, Limited Edition",2021,Beige,Barénia & Osier,Palladium,"44,800−57,600",48400
66,FAWN BARENIA FAUBOURG LEATHER KELLY MESSENGER PM,HERMÈS,Kelly Messenger,2024,Brown,Barénia Faubourg,Palladium,"7,700−12,800",12900
67,FAWN BARENIA FAUBOURG LEATHER HAC A DOS PM,HERMÈS,"Haut à Courroies, HAC",2024,Brown,Barénia Faubourg,Palladium,"6,400−10,200",8900
68,FAWN BARENIA LEATHER KELLY DÉPÊCHES 25,HERMÈS,Kelly Dépêches,2019,Brown,Barénia,Palladium,"3,800−5,100",5200
69,FAWN BARENIA LEATHER BIRKIN 30,HERMÈS,Birkin 30,2013,Brown,Barénia,Palladium,"9,000−14,100",13700
70,LIMITED EDITION FAWN BARENIA LEATHER SHARK BOLIDE 45,HERMÈS,"Bolide 45, Limited Edition",2016,Brown,Barénia,Palladium,"6,400−10,200",9700
71,FAWN BARENIA LEATHER & TOILE VICTORIA 40,HERMÈS,Victoria 40,2010,Brown,Barénia & Toile,Palladium,"3,800−5,100",2900
72,LIMITED EDITION ECREME & ORANGE MÉCANO TOILE H PLUME CC & HERBAG ZIP 31,HERMÈS,"Herbag Zip 31, Limited Edition",2023,Beige,Toile & Vache Hunter,Palladium,"2,600−3,600",4800
73,NATURAL SABLE COURCHEVEL LEATHER CONSTANCE 24,HERMÈS,Constance 24,1995,Beige,Courchevel,Gold,"5,100−7,700",7700
74,CLAY TADELAKT LEATHER ÉGÉE,HERMÈS,Égée,2012,Gray,Tadelakt,Permabrass,"2,600−3,600",3100
75,LIMITED EDITION MUSTARD CLEMENCE LEATHER & CANVAS BIRKIN 35,HERMÈS,"Birkin 35, Limited Edition",2003,Yellow,Clemence & Canvas,Palladium,"6,400−10,200",11300
76,SESAME MAURICE LEATHER & TERRE BATTUE SWIFT LEATHER 24/24 29,HERMÈS,24/24 29,2020,Brown,Maurice & Swift,Gold,"6,400−10,200",7300
77,LIMITED EDITION GOLD SWIFT LEATHER SHADOW BIRKIN CUT,HERMÈS,"Birkin Cut, Limited Edition",2023,Gold,Swift,Leather,"5,100−7,700",6800
78,GOLD SWIFT LEATHER KELLY MOOVE,HERMÈS,Kelly Moove,2023,Gold,Swift,Gold,"7,700−12,800",12100
79,GOLD EVERCOLOR LEATHER CONSTANCE TO GO,HERMÈS,Constance To Go,2023,Gold,Evercolor,Gold,"5,100−7,700",8100
80,MATTE GOLD ALLIGATOR KELLY TO GO,HERMÈS,Kelly To Go,2023,Gold,Alligator,Gold,"9,000−14,100",14500
81,GOLD SWIFT LEATHER KELLY POCHETTE,HERMÈS,Kelly Pochette,2007,Gold,Swift,Palladium,"6,400−10,200",14500
82,MATTE GOLD ALLIGATOR CONSTANCE 24,HERMÈS,Constance 24,2019,Gold,Alligator,Gold,"17,900−25,600",21000
83,GOLD EPSOM LEATHER SELLIER KELLY 25,HERMÈS,Kelly 25,2024,Gold,Epsom,Palladium,"12,800−20,500",24200
84,LIMITED EDITION GOLD & DOVE GRAY NOVILLO LEATHER VERSO BIRKIN 25,HERMÈS,"Birkin 25, Limited Edition",2020,Brown,Novillo,Palladium,"10,200−15,400",19400
85,GOLD TOGO LEATHER RETOURNÉ KELLY 28,HERMÈS,Kelly 28,2024,Gold,Togo,Gold,"9,000−14,100",21000
86,TOFFEE NOVILLO LEATHER KELLY RELAX VOYAGE 50,HERMÈS,Kelly Relax Voyage,2020,Brown,Novillo,Palladium,"6,400−10,200",8900
87,"LIMITED EDITION TEA, PINK & WHITE SWIFT LEATHER LUCKY DAISY MICRO PICOTIN",HERMÈS,"Picotin, Limited Edition",2022,Pink,Swift,Palladium,"2,000−3,100",2900
88,GOLDEN BRONZE MADAME LEATHER SELLIER BIRKIN 30,HERMÈS,Birkin 30,2019,Bronze,Madame,Palladium,"12,800−20,500",16100
89,SHINY SHADED SALVATOR LIZARD FLÈCHE D'OR,HERMÈS,Flèche d'Or,2017,Brown,Lizard,Palladium,"6,400−10,200",5600
90,SHINY SHADED SALVATOR LIZARD & DARK GREEN MINI VERSO MOSAÏQUE 17,HERMÈS,Mini Mosaïque 17,2019,Grey,Lizard,Palladium,"6,400−10,200",0
91,LIMITED EDITION SHINY SHADED SALVATOR LIZARD & CARAMEL EVERCOLOR MINI ROULIS,HERMÈS,"Mini Roulis, Limited Edition",2020,Brown,Lizard & Evercolor,Permabrass,"7,700−12,800",8900
92,LIMITED EDITION SHINY SHADED SALVATOR LIZARD & MATTE TITIAN GREEN ALLIGATOR,HERMÈS,"N/A, Limited Edition",2017,Green,Lizard & Alligator,Palladium,"9,000−14,100",9700
93,COFFEE CLEMENCE LEATHER BIRKIN 30,HERMÈS,Birkin 30,2015,Brown,Clemence,Gold,"6,400−10,200",12100
94,DARK BROWN OSTRICH BIRKIN 30,HERMÈS,Birkin 30,2007,Brown,Ostrich,Palladium,"10,200−15,400",17700
95,CHOCOLATE BOX CALF LEATHER RETOURNÉ KELLY 32,HERMÈS,Kelly 32,1993,Brown,Box Calf,Gold,"5,100−7,700",7300
96,MATTE EBONY NILOTICUS CROCODILE PLUME 28,HERMÈS,Plume 28,2002,Black,Crocodile,Gold,"6,400−10,200",9700
97,MATTE EBONY NILOTICUS CROCODILE BIRKIN 30,HERMÈS,Birkin 30,2011,Black,Crocodile,Palladium,"17,900−25,600",21000
98,"PETIT H LIMITED EDITION MATTE EBONY ALLIGATOR, EBONY SOMBRERO & ANISE GREEN",HERMÈS,"Petit H, Limited Edition",2021,Black,Alligator,Goose Clasp,"3,800−5,100",4800
99,LIMITED EDITION EBONY SWIFT LEATHER & VELOURS COTELE ROULIS 23,HERMÈS,"Roulis 23, Limited Edition",2020,Black,Swift & Velours,Gold,"3,800−5,100",4200
100,LIMITED EDITION EMBROIDERED LEOPARD & BLACK SWIFT LEATHER MINI ROULIS,HERMÈS,"Mini Roulis, Limited Edition",2021,Black,Swift,Palladium,"5,100−7,700",6100
101,LIMITED EDITION SHINY BLACK NILOTICUS CROCODILE SO BLACK GOODLOCK CLUTCH,HERMÈS,"Clutch, Limited Edition",2016,Black,Crocodile,Black PVD,"5,100−7,700",0
102,MATTE BLACK ALLIGATOR VERROU CLUTCH,HERMÈS,Verrou Clutch,2010,Black,Alligator,Palladium,"5,100−7,700",7300
103,LIMITED EDITION BLACK SWIFT LEATHER & ALEZAN CALF DOBLIS MINI BERLINE 21,HERMÈS,"Mini Berline 21, Limited Edition",2014,Black,Swift & Doblis,Palladium,"2,600−3,600",3500
104,BLACK CLEMENCE LEATHER PICOTIN 22,HERMÈS,Picotin 22,2024,Black,Clemence,Palladium,"2,600−3,600",4200
105,BLACK SWIFT LEATHER KELLY JUMP,HERMÈS,Kelly Jump,2024,Black,Swift,Palladium,"7,700−12,800",15300
106,LIMITED EDITION BLACK MONSIEUR LEATHER SAC A MALICE,HERMÈS,"Sac à Malice, Limited Edition",2021,Black,Monsieur,Palladium,"7,700−12,800",8100
107,LIMITED EDITION BLACK CALF BOX LEATHER CLOUTÉ MINI KELLY 20 II,HERMÈS,"Mini Kelly 20 II, Limited Edition",2023,Black,Box Calf,Palladium,"38,400−51,200",0
108,LIMITED EDITION SHINY BLACK POROSUS CROCODILE & FEATHERS KELLY ÉLAN FOLIE,HERMÈS,"Kelly Élan Folie, Limited Edition",2024,Black,Crocodile,Gold,"25,600−35,900",45200
109,BLACK EPSOM LEATHER CONSTANCE 24,HERMÈS,Constance 24,2014,Black,Epsom,Gold,"6,400−10,200",10500
110,SHINY BLACK NILOTICUS CROCODILE ROULIS 23,HERMÈS,Roulis 23,2019,Black,Crocodile,Gold,"7,700−12,800",11300
111,LIMITED EDITION SHINY BLACK NILOTICUS LIZARD & SWIFT LEATHER MINI TOUCH 24/24,HERMÈS,"Mini 24/24, Limited Edition",2022,Black,Lizard & Swift,Gold,"3,800−5,100",14500
112,LIMITED EDITION BLACK TADELAKT LEATHER & SHINY BLACK NILOTICUS LIZARD SMILE BOLIDE,HERMÈS,"Bolide, Limited Edition",2019,Black,Tadelakt & Lizard,Palladium,"6,400−10,200",12100
113,BLACK TOGO LEATHER RETOURNÉ KELLY 25,HERMÈS,Kelly 25,2012,Black,Togo,Palladium,"5,100−7,700",15300
114,LIMITED EDITION BLACK SWIFT LEATHER SELLIER PADDED KELLY 25,HERMÈS,"Kelly 25, Limited Edition",2022,Black,Swift,Gold,"12,800−20,500",24200
115,BLACK EPSOM LEATHER SELLIER KELLY 28,HERMÈS,Kelly 28,2016,Black,Epsom,Gold,"7,700−12,800",13700
116,BLACK CALF BOX LEATHER SELLIER KELLY 32,HERMÈS,Kelly 32,2017,Black,Box Calf,Gold,"6,400−10,200",14500
117,BLACK CLEMENCE LEATHER BIRKIN 35,HERMÈS,Birkin 35,2008,Black,Clemence,Palladium,"7,700−12,800",13700
118,MATTE BLACK POROSUS CROCODILE BIRKIN 35,HERMÈS,Birkin 35,2007,Black,Crocodile,Palladium,"28,200−38,400",30700
119,BLACK CALF BOX LEATHER RETOURNÉ KELLY 40,HERMÈS,Kelly 40,2009,Black,Box Calf,Palladium,"3,800−5,100",9700
120,CUSTOM BLACK TOGO LEATHER KELLY ADO 28,HERMÈS,"Kelly Ado 28, Custom",2018,Black,Togo,Palladium,"5,100−7,700",14500
121,BLACK EVERCALF LEATHER & TOILE HAC BIRKIN 40,HERMÈS,Birkin 40,2016,Black,Evercalf & Toile,Palladium,"6,400−10,200",8100
122,MATTE GRAPHITE ALLIGATOR MINI CONSTANCE,HERMÈS,Mini Constance,2017,Gray,Alligator,Gold,"15,400−23,100",24200
123,GRAPHITE EPSOM LEATHER KELLY DÉPÊCHES 38,HERMÈS,Kelly Dépêches,2007,Gray,Epsom,Palladium,"5,100−7,700",5600
124,PARCHMENT CLEMENCE LEATHER JPG SHOULDER BIRKIN 42,HERMÈS,"Birkin 42, JPG Shoulder",2008,Beige,Clemence,Palladium,"3,800−5,100",5600
125,PARCHMENT CALF BOX LEATHER SELLIER KELLY 28,HERMÈS,Kelly 28,1993,Beige,Box Calf,Gold,"6,400−10,200",8900
126,SHINY PARCHMENT NILOTICUS LIZARD KELLY POCHETTE,HERMÈS,Kelly Pochette,2007,Beige,Lizard,Palladium,"12,800−20,500",29100
127,"LIMITED EDITION IVORY, SYLVESTER MAUVE & LIME EPSOM LEATHER KELLYDOLE PICTO",HERMÈS,"Kellydole Picto, Limited Edition",2023,Beige,Epsom,Palladium,"38,400−51,200",88800
128,LIMITED EDITION IVORY CLEMENCE LEATHER MAXI QUADRILLE MINI LINDY,HERMÈS,"Mini Lindy, Limited Edition",2022,White,Clemence,Palladium,"6,400−10,200",9700
129,IVORY EPSOM LEATHER CONSTANCE 1-24,HERMÈS,Constance 1-24,2022,White,Epsom,Gold,"7,700−12,800",11300
130,CUSTOM IVORY & PEARL GRAY GOATSKIN LEATHER MINI KELLY 20 II,HERMÈS,"Mini Kelly 20 II, Custom",2022,White,Goat,Permabrass,"17,900−25,600",27500
131,LIMITED EDITION IVORY SWIFT LEATHER IN & OUT RETOURNÉ KELLY 25,HERMÈS,"Kelly 25, Limited Edition",2021,White,Swift,Palladium,"15,400−23,100",19400
132,LIMITED EDITION IVORY CANVAS & SWIFT LEATHER CARGO BIRKIN 35,HERMÈS,"Birkin 35, Limited Edition",2021,White,Swift & Canvas,Palladium,"20,500−30,800",29100
134,CHALK TOGO LEATHER RETOURNÉ KELLY 28,HERMÈS,Kelly 28,2019,Beige,Togo,Palladium,"9,000−14,100",16100
135,CHALK EPSOM LEATHER CONSTANCE 24,HERMÈS,Constance 24,2017,Beige,Epsom,Gold,"6,400−10,200",8100
136,CHALK TOGO LEATHER BIRKIN 25,HERMÈS,Birkin 25,2024,Beige,Togo,Gold,"12,800−20,500",22600
137,CHALK EPSOM LEATHER BIRKIN 30,HERMÈS,Birkin 30,2018,Beige,Epsom,Gold,"7,700−12,800",10500
138,CONCRETE EVERCOLOR LEATHER MINI JYPSIÈRE,HERMÈS,Mini Jypsiere,2023,Gray,Evercolor,Palladium,"5,100−7,700",6100
139,MATTE CONCRETE ALLIGATOR VERROU 23,HERMÈS,Verrou 23,2018,Gray,Alligator,Palladium,"5,100−7,700",9700
140,CUSTOM CONCRETE & ASHALT GRAY TOGO LEATHER RETOURNÉ KELLY 28,HERMÈS,"Kelly 28, Custom",2019,Gray,Togo,Gold,"7,700−12,800",12900
141,LIMITED EDITION CONCRETE TOGO & SWIFT LEATHER 3 IN 1 BIRKIN 30,HERMÈS,"Birkin 30, Limited Edition",2023,Gray,Togo & Swift,Palladium,"12,800−20,500",21000
142,"RARE, MATTE CONCRETE ALLIGATOR, WHITE TOGO, SWIFT & SOMBRERO BIRKIN 20",HERMÈS,"Birkin 20, Rare",2022,White,Alligator & Togo,Palladium,"153,600−281,600",274600
143,"RARE, MATTE WHITE HIMALAYA NILOTICUS CROCODILE BIRKIN 25",HERMÈS,"Birkin 25, Rare",2014,White,Crocodile,Palladium,"128,000−230,400",113000
144,NEW WHITE SWIFT LEATHER KELLY POCHETTE,HERMÈS,Kelly Pochette,2022,White,Swift,Gold,"7,700−12,800",25800
145,LIMITED EDITION WHITE & KRAFT EVERCOLOR LEATHER VERSO KELLY DANSE,HERMÈS,"Kelly Danse, Limited Edition",2023,White,Evercolor,Gold,"7,700−12,800",13700
146,WHITE CLEMENCE LEATHER BIRKIN 35,HERMÈS,Birkin 35,2010,White,Clemence,Palladium,"6,400−10,200",8900
147,"CUSTOM WHITE, DARK BLUE & PEARL GRAY CLEMENCE LEATHER BIRKIN 30",HERMÈS,"Birkin 30, Custom",2011,White,Clemence,Palladium,"9,000−14,100",15300
148,LIMITED EDITION PLATINUM GRAY & WHITE EPSOM LEATHER BOLIDE ON WHEELS,HERMÈS,"Bolide on Wheels, Limited Edition",2024,White,Epsom,Palladium,"10,200−15,400",22600
149,PALE GRAY EPSOM LEATHER MINI CONSTANCE MIRROR,HERMÈS,Mini Constance Mirror,2023,Gray,Epsom,Gold,"7,700−12,800",12100
150,PEARL GRAY OSTRICH MINI LINDY,HERMÈS,Mini Lindy,2021,Gray,Ostrich,Palladium,"10,200−15,400",15300
151,CUSTOM MATTE PEARL GRAY & OREGANO ALLIGATOR MINI KELLY 20 II,HERMÈS,"Mini Kelly 20 II, Custom",2021,Grey,Alligator,Gold,"38,400−51,200",48400
152,PEARL GRAY EVERCOLOR LEATHER RETOURNÉ KELLY 28,HERMÈS,Kelly 28,2020,Gray,Evercolor,Gold,"7,700−12,800",14500
153,LIMITED EDITION WHITE & PEARL GRAY SWIFT LEATHER GHILLIES KELLY 32,HERMÈS,"Kelly 32, Limited Edition",2012,White,Swift,Palladium,"5,100−7,700",9700
154,LIMITED EDITION BEIGE MARFA SWIFT LEATHER SHADOW BIRKIN CUT,HERMÈS,"Birkin Cut, Limited Edition",2023,Beige,Swift,Leather,"5,100−7,700",9700
155,DOVE GRAY SWIFT LEATHER BIRKIN 30,HERMÈS,Birkin 30,2009,Gray,Swift,Gold,"3,800−5,100",6800
156,DOVE GRAY OSTRICH SELLIER KELLY 32,HERMÈS,Kelly 32,1994,Gray,Ostrich,Gold,"5,100−7,700",8900
157,LIMITED EDITION ÉTOUPE & AZTEC BLUE CLEMENCE LEATHER ÉCLAT KELLY 28,HERMÈS,"Éclat Kelly 28, Limited Edition",2011,Grey,Clemence,Palladium,"7,700−12,800",13700
158,ÉTOUPE TOGO LEATHER BIRKIN 30,HERMÈS,Birkin 30,2008,Beige,Togo,Palladium,"7,700−12,800",12100
159,ÉTOUPE TOGO LEATHER RETOURNÉ KELLY 32,HERMÈS,Kelly 32,2021,Beige,Togo,Palladium,"7,700−12,800",12900
160,"CUSTOM ÉTOUPE, GRAPHITE & BOUGAINVILLEA TOGO BIRKIN 35",HERMÈS,"Birkin 35, Custom",2011,Grey,Togo,Palladium,"6,400−10,200",10500
161,ÉTOUPE CLEMENCE LEATHER & CRINOLINE VICTORIA CABAS II 40,HERMÈS,Victoria Cabas II 40,2006,Beige,Clemence & Crinoline,Palladium,"2,600−3,600",2900
162,ASPHALT GRAY TOGO LEATHER RETOURNÉ KELLY 28,HERMÈS,Kelly 28,2020,Gray,Togo,Palladium,"9,000−14,100",15300
163,TIN EPSOM LEATHER SELLIER KELLY 28,HERMÈS,Kelly 28,2018,Gray,Epsom,Gold,"7,700−12,800",16100
164,TIN TOGO & SWIFT LEATHER 24/24 29,HERMÈS,24/24 29,2019,Gray,Togo & Swift,Gold,"6,400−10,200",8900
165,"LIMITED EDITION MISTY GRAY, BLACK, FIZZ GREEN & ALEZAN EPSOM KELLYDOLE PICTO",HERMÈS,"Kellydole Picto, Limited Edition",2024,Black,Epsom,Palladium,"38,400−51,200",64600
166,LIMITED EDITION MISTY GRAY EPSOM LEATHER MINI DÉSORDRE KELLY,HERMÈS,"Mini Désordre Kelly, Limited Edition",2024,Gray,Epsom,Permabrass,"20,500−30,800",30700
167,CUSTOM AGATE GRAY & BLUE IRIS OSTRICH BIRKIN 25,HERMÈS,"Birkin 25, Custom",2020,Gray,Ostrich,Permabrass,"12,800−20,500",21000
168,BLACK TOGO LEATHER & TOURBE CANVAS KELLY DÉPÊCHES 25,HERMÈS,Kelly Dépêches 25,2023,Black,Togo & Canvas,Palladium,"3,800−5,100",6500
169,LIMITED EDITION VERONESE GREEN TADELAKT LEATHER GHILLIES BIRKIN 35,HERMÈS,"Birkin 35, Limited Edition",2013,Green,Tadelakt,Permabrass,"7,700−12,800",15300
170,SHINY CYPRESS GREEN NILOTICUS LIZARD MINI ROULIS,HERMÈS,Mini Roulis,2022,Green,Lizard,Gold,"7,700−12,800",9700
171,CYPRESS GREEN TOGO LEATHER BIRKIN 30,HERMÈS,Birkin 30,2017,Green,Togo,Palladium,"7,700−12,800",12100
172,MATTE GREEN TITIEN ALLIGATOR KELLY CUT WITH PALLADIUM HARDWARE,HERMÈS,Kelly Cut,2014,Green,Alligator,Palladium,"12,800−20,500",25800
173,SHINY EMERALD GREEN NILOTICUS CROCODILE ÉGÉE,HERMÈS,Égée,2013,Green,Crocodile,Palladium,"6,400−10,200",7700
174,SHINY ROUSSEAU GREEN ALLIGATOR MINI KELLY 20 II,HERMÈS,Mini Kelly 20 II,2021,Green,Alligator,Gold,"38,400−51,200",56500
175,CUSTOM TURQUOISE GOATSKIN LEATHER SELLIER KELLY 25,HERMÈS,"Kelly 25, Custom",2016,Turquoise,Goat,Brushed Gold,"9,000−14,100",19400
176,MATTE CACTUS ALLIGATOR MINI CONSTANCE,HERMÈS,Mini Constance,2016,Green,Alligator,Gold,"15,400−23,100",22600
177,LIMITED EDITION BAMBOO CLEMENCE LEATHER PICOTIN LOCK MONOCHROME 18,HERMÈS,"Picotin Lock Monochrome 18, Limited Edition",2021,Green,Clemence,Green PVD,"2,600−3,600",4200
178,BAMBOO & MISTY BLUE SWIFT LEATHER IN THE LOOP BELT BAG,HERMÈS,In The Loop Belt Bag,2020,Green,Swift,Palladium,"2,600−3,600",2400
179,CUSTOM TOSCA & TIN TOGO LEATHER RETOURNÉ KELLY 32,HERMÈS,"Kelly 32, Custom",2012,Purple,Togo,Palladium,"6,400−10,200",9700
180,ANEMONE SWIFT LEATHER KELLY POCHETTE,HERMÈS,Kelly Pochette,2017,Pink,Swift,Palladium,"6,400−10,200",12900
181,ANEMONE EPSOM LEATHER MINI CONSTANCE,HERMÈS,Mini Constance,2018,Pink,Epsom,Palladium,"6,400−10,200",8100
182,SHINY VIOLET POROSUS CROCODILE SELLIER KELLY 32,HERMÈS,Sellier Kelly 32,2007,Purple,Crocodile,Palladium,"20,500−30,800",25800
183,"LIMITED EDITION ULTRAVIOLET, LINEN BLUE, TIN, DARK BLUE, ÉTOUPE & INDIAN BROWN CLEMENCE LEATHER HARLEQUIN BIRKIN 35",HERMÈS,"Harlequin Birkin 35, Limited Edition",2012,Purple,Clemence,Palladium,"7,700−12,800",0
184,SHINY EGGPLANT POROSUS CROCODILE KELLY CUT,HERMÈS,Kelly Cut,2015,Purple,Crocodile,Palladium,"12,800−20,500",22600
185,SHINY AMETHYST NILOTICUS CROCODILE SELLIER KELLY 25,HERMÈS,Sellier Kelly 25,2015,Purple,Crocodile,Palladium,"23,100−33,300",25800
186,LIMITED EDITION RUBY & SHOCKING PINK TADELAKT LEATHER ECLAT KELLY CUT,HERMÈS,"Kelly Cut, Limited Edition",2010,Red,Tadelakt,Palladium,"6,400−10,200",12900
187,RUBY TOGO LEATHER SO KELLY 26,HERMÈS,So Kelly 26,2010,Red,Togo,Palladium,"3,800−5,100",3900
188,CUSTOM RUBY & SLATE SWIFT LEATHER RETOURNÉ KELLY 28,HERMÈS,"Kelly 28, Custom",2013,Red,Swift,Palladium,"7,700−12,800",8900
189,LIMITED EDITION ROUGE H & CASAQUE RED EPSOM LEATHER MINI KELLY CASAQUE 20 II,HERMÈS,"Mini Kelly Casaque 20 II, Limited Edition",2024,Red,Epsom,Palladium,"15,400−23,100",25800
190,CASAQUE RED SWIFT LEATHER MINI CONSTANCE,HERMÈS,Mini Constance,2015,Red,Swift,Palladium,"6,400−10,200",6100
191,CUSTOM CASAQUE RED OSTRICH BIRKIN 30,HERMÈS,"Birkin 30, Custom",2008,Red,Ostrich,Palladium,"10,200−15,400",14500
192,CASAQUE RED EPSOM LEATHER SELLIER KELLY 32,HERMÈS,Kelly 32,2018,Red,Epsom,Gold,"7,700−12,800",14500
193,"LIMITED EDITION HEART RED, EXTREME PINK & BLUE ZANZIBAR KELLY CASAQUE TO GO",HERMÈS,"Kelly Casaque To Go, Limited Edition",2020,Red,Tadelakt,Palladium,"5,100−7,700",6100
194,CUSTOM HEART RED & CAPUCINE GOATSKIN LEATHER MINI KELLY 20 II,HERMÈS,"Mini Kelly 20 II, Custom",2023,Red,Goat,Permabrass,"15,400−23,100",27500
195,PIMENT RED TADELAKT LEATHER MINI VERROU 17,HERMÈS,Mini Verrou 17,2018,Red,Tadelakt,Palladium,"5,100−7,700",6100
196,CUSTOM VIVID RED & INDIGO BLUE OSTRICH BIRKIN 25,HERMÈS,"Birkin 25, Custom",2019,Red,Ostrich,Brushed Gold,"12,800−20,500",16100
197,GRENAT RED CLEMENCE LEATHER BIRKIN 25,HERMÈS,Birkin 25,2012,Red,Clemence,Palladium,"7,700−12,800",12100
198,BOUGAINVILLEA CLEMENCE LEATHER JPG SHOULDER BIRKIN 42,HERMÈS,JPG Shoulder Birkin 42,2010,Pink,Clemence,Palladium,"3,800−5,100",6100
199,PEONY PINK CLEMENCE LEATHER SO KELLY 22,HERMÈS,So Kelly 22,2014,Red,Clemence,Palladium,"3,800−5,100",3900
200,BRICK CHAMONIX LEATHER DRAG 37,HERMÈS,Drag 37,2000,Brown,Chamonix,Palladium,"1,300−2,300",2700
201,ROUGE H SWIFT LEATHER BIRKIN 25,HERMÈS,Birkin 25,2018,Red,Swift,Gold,"7,700−12,800",17700
202,MATTE ROUGE H POROSUS CROCODILE SELLIER KELLY 35,HERMÈS,Kelly 35,2015,Red,Crocodile,Palladium,"17,900−25,600",22600
203,ORANGE H SWIFT LEATHER MINI JYPSIÈRE,HERMÈS,Mini Jypsière,2023,Orange,Swift,Palladium,"5,100−7,700",6100
204,ORANGE SWIFT LEATHER JYPSIÈRE 28,HERMÈS,Jypsière 28,2010,Orange,Swift,Palladium,"2,600−3,600",3100
205,ORANGE EPSOM LEATHER BOLIDE 27,HERMÈS,Bolide 27,2015,Orange,Epsom,Palladium,"5,100−7,700",0
206,ORANGE H CLEMENCE LEATHER JPG SHOULDER KELLY 42,HERMÈS,JPG Shoulder Kelly 42,2011,Orange,Clemence,Palladium,"5,100−7,700",6500
207,LIMITED EDITION ORANGE & SUN SWIFT LEATHER QUELLE IDOLE,HERMÈS,"Quelle Idole, Limited Edition",2010,Orange,Swift,Palladium,"19,200−28,200",42000
208,LIMITED EDITION CAPUCINE EPSOM LEATHER MINI CONSTANCE,HERMÈS,"Mini Constance, Limited Edition",2020,Orange,Epsom,Enamel,"6,400−10,200",9700
209,FIRE TOGO LEATHER BIRKIN 30,HERMÈS,Birkin 30,2015,Orange,Togo,Gold,"6,400−10,200",9700
210,LIMITED EDITION GOLDEN CHAMKILIGHT GOATSKIN LEATHER MINI CONSTANCE MIRROR,HERMÈS,"Mini Constance Mirror, Limited Edition",2024,Gold,Goat,Permabrass,"15,400−23,100",21000
223,FAWN CALF LEATHER LES NÉCESSAIRES D'HERMÈS OTTOMAN,HERMÈS,Les Nécessaires d'Hermès Ottoman,2023,Brown,Calf,Silver,"5,100−7,700",7300
225,BRONZE QUILTED AGED LAMBSKIN LEATHER WALLET ON CHAIN,CHANEL,Wallet on Chain,2008,Bronze,Lambskin,Antique Silver,"2,000−3,100",1800
226,METALLIC GOLD QUILTED LAMBSKIN LEATHER 2.55 REISSUE 226,CHANEL,2.55 Reissue 226,2006,Gold,Lambskin,Gold,"2,000−3,100",2100
227,METALLIC GOLD LAMBSKIN LEATHER WALLET ON CHAIN,CHANEL,Wallet on Chain,2006,Gold,Lambskin,Silver,"2,000−3,100",1200
228,METALLIC SILVER CAMELLIA POCHETTE,CHANEL,Camellia Pochette,2014,Silver,Metal,Silver,"2,000−3,100",0
229,SILVER QUILTED LAMBSKIN LEATHER WALLET ON CHAIN,CHANEL,Wallet on Chain,2008,Silver,Lambskin,Silver,"2,000−3,100",1300
230,METALLIC SILVER LAMBSKIN LEATHER WALLET ON CHAIN,CHANEL,Wallet on Chain,2006,Silver,Lambskin,Silver,"2,000−3,100",1100
231,METALLIC PURPLE CAVIAR LEATHER MEDIUM BOY BAG,CHANEL,Medium Boy Bag,2015,Purple,Caviar,Iridescent,"2,600−3,800",0
232,BLUE QUILTED SATIN & METALLIC GOLD LAMBSKIN LEATHER WALLET ON CHAIN,CHANEL,Wallet on Chain,2012,Blue,Satin & Lambskin,Gold,"2,000−3,100",0
233,MATTE BLUE ALLIGATOR JUMBO DOUBLE CLASSIC FLAP BAG,CHANEL,Jumbo Double Classic Flap Bag,2014,Blue,Alligator,Gold,"5,100−7,700",15300
234,BLUE QUILTED CALFSKIN LEATHER MEDIUM CLASSIC DOUBLE FLAP BAG,CHANEL,Medium Classic Double Flap Bag,2015,Blue,Calfskin,Gold,"3,800−5,100",5200
235,BLUE QUILTED LAMSKIN LEATHER MINI CLASSIC FLAP BAG,CHANEL,Mini Classic Flap Bag,2022,Blue,Lambskin,Silver,"2,600−3,600",4200
236,BLUE QUILTED PATENT LEAHTER MEDIUM BOY BAG,CHANEL,Medium Boy Bag,2016,Blue,Patent,Gold,"2,600−3,600",2700
237,GREY TWEED CRYSTAL JUMBO FLAP BAG,CHANEL,Jumbo Flap Bag,2011,Gray,Tweed,Silver,"2,600−3,800",2300
238,WHITE QUILTED COATED TWEED WALLET ON CHAIN,CHANEL,Wallet on Chain,2012,White,Tweed,Silver,"2,000−3,100",0
239,GREY QUILTED LAMBSKIN LEATHER WALLET ON CHAIN,CHANEL,Wallet on Chain,2009,Gray,Lambskin,Silver,"2,000−3,100",0
240,DARK SILVER CALFSKIN LEATHER HALF MOON CLUTCH,CHANEL,Half Moon Clutch,2011,Silver,Calfskin,Silver,"1,500−2,300",0
241,BLACK QUILTED CALFSKIN LEATHER VANITY CASE,CHANEL,Vanity Case,1997,Black,Calfskin,Gold,"2,000−3,100",1900
242,BLACK QUILTED LAMBSKIN LEATHER TOP HANDLE VANITY CASE,CHANEL,Top Handle Vanity Case,2024,Black,Lambskin,Gold,"3,800−5,100",4800
243,BLACK QUILTED LAMBSKIN LEATHER MINI TOP HANDLE CHAIN CLUTCH,CHANEL,Mini Top Handle Chain Clutch,2024,Black,Lambskin,Gold,"3,300−4,400",4800
244,BLACK QUILTED CAVIAR LEATHER MEDIUM CLASSIC DOUBLE FLAP BAG,CHANEL,Medium Classic Double Flap Bag,2016,Black,Caviar,Silver,"3,800−5,100",6100
245,BLACK QUILTED LAMBSKIN LEATHER MAXI CLASSIC DOUBLE FLAP BAG,CHANEL,Maxi Classic Double Flap Bag,2018,Black,Lambskin,Silver,"3,800−5,100",5600
246,RED QUILTED LAMBSKIN LEATHER FLAP BAG,CHANEL,Flap Bag,1989,Red,Lambskin,Gold,"2,000−3,100",2600
247,RED QUILTED PATENT LEATHER WALLET ON CHAIN,CHANEL,Wallet on Chain,2013,Red,Patent,Silver,"2,000−3,100",1100
248,PINK CAVIAR LEATHER TIMELESS WALLET ON CHAIN,CHANEL,Timeless Wallet on Chain,1996,Pink,Caviar,Gold,"2,000−3,100",1500
249,PINK QUILTED CAVIAR LEATHER MEDIUM CLASSIC DOUBLE FLAP BAG,CHANEL,Medium Classic Double Flap Bag,2021,Pink,Caviar,Gold,"3,800−5,100",8100
250,NUDE QUILTED LAMBSKIN LEATHER MEDIUM BOY BAG,CHANEL,Medium Boy Bag,2016,Beige,Lambskin,Gold,"2,600−3,600",4800
251,BEIGE PYTHON JUMBO CLASSIC DOUBLE FLAP BAG,CHANEL,Jumbo Classic Double Flap Bag,2011,Beige,Python,Gold,"2,000−3,100",3900
252,YELLOW TUFFETAGE MONOGRAM SPEEDY TRUNK,LOUIS VUITTON,Speedy Trunk,2020,Yellow,Tuffetage,Black,"2,000−3,100",2400
253,LIMITED EDITION ICONOCLAST MONOGRAM CANVAS TWISTED BOX BY FRANK GEHRY,LOUIS VUITTON,"Twisted Box, Limited Edition",2015,Brown,Canvas,Gold,"3,800−5,100",6100
254,LIMITED EDITION PAINTED PUMPKIN MONOGRAM KEEPALL BANDOULIÈRE 45 BY YAYOI KUSAMA,LOUIS VUITTON,"Keepall Bandoulière 45, Limited Edition",2023,Multi Color,Canvas,Gold,"2,600−3,600",4800
256,LIMITED EDITION BLACK TAURILLON LEATHER INFINITY DOTS CHRISTOPHER BACKPACK MM BY YAYOI KUSAMA,LOUIS VUITTON,"Christopher Backpack MM, Limited Edition",2023,Black,Taurillon,Black,"3,800−5,100",3500
257,ABSOLUTE BLACK MONOGRAM TAURILLON LEATHER KEEPALL BANDOULIÈRE 50 BY VIRGIL ABLOH,LOUIS VUITTON,Keepall Bandoulière 50,2019,Black,Taurillon,Black & Orange,"2,600−3,600",4200
258,LIMITED EDITION BLACK EMPREINTE LEATHER TOTE BAG BY COMME DES GARÇONS,LOUIS VUITTON,"Tote Bag, Limited Edition",2008,Black,Empreinte,Black,"3,800−5,100",4800
259,LIMITED EDITION PAINTED MONOGRAM COURRIER LOZINE TRUNK 110 BY VIRGIL ABLOH,LOUIS VUITTON,"Courrier Lozine Trunk 110, Limited Edition",2021,Multi Color,Canvas,Black,"38,400−51,200",48400